M,h,u,w,theta,delta_e,T,Tcom,gamma
0.8,10000,239.46883005,6.98177486,0.05381715,-0.00598463,1743.45420049,5.90534935,1.41349545
